RecipeId,question
38,What type of berries are needed for the Low-Fat Berry Blue Frozen Dessert?
38,How long should I let the berry and sugar mixture stand before processing?
38,Is it necessary to strain the mixture after processing it in the food processor?
38,Can I use an ice cream maker instead of a baking pan for this recipe?
38,How long do I need to freeze the dessert before serving it?
39,What ingredients are blended to create the smooth paste for the Biryani recipe?
39,How long should I marinate the chicken in the yogurt mixture before cooking it?
39,What should I do with the chicken after cooking it in the skillet with the marinade?
39,How long do I need to cook the rice after adding it to the sauce?
39,What ingredients are used for garnish before serving the Biryani?
40,What type of lemons should I use to achieve the best flavor in this lemonade recipe?
40,Why is it important to use a zester when preparing the lemons for this lemonade?
40,How do I prepare the lemonade before refrigerating it?
40,What is the recommended serving size for the lemonade once it's chilled?
40,Can I substitute club soda with something else in this recipe?
41,Why is it recommended to prepare Carina's Tofu-Vegetable Kebabs a day in advance?
41,What are the required vegetables to prepare the kebabs alongside the tofu?
41,"Can the amount of ingredients used in the recipe be adjusted, and if so, how?"
41,What is the recommended cooking temperature and duration for broiling or grilling the kebabs?
41,What is a suitable side dish to serve with the kebabs as mentioned in the recipe suggestions?
42,What are the main steps to prepare the Cabbage Soup?
42,How long should I simmer the soup for optimal vegetable softness?
42,What is the calorie count for a serving of the Cabbage Soup?
42,Does this recipe contain any cholesterol?
42,What should I serve with the Cabbage Soup to enhance its flavor?
43,What are the main ingredients needed for the Graham Cracker Crust in the Best Blackbottom Pie recipe?
43,How long should I chill the chocolate layer after pouring it into the crust?
43,What steps should I follow to prepare the Vanilla Layer after the chocolate layer is chilled?
43,"How many servings does the Best Blackbottom Pie recipe yield, and what is the size of the pie?"
43,"What are the nutritional details, specifically the calorie count and fat content, for one serving of this pie?"
44,What are the main ingredients in the Warm Chicken A La King recipe?
44,How many calories are in one serving of Warm Chicken A La King?
44,What is the recommended side dish for serving Warm Chicken A La King?
44,How long should I cook the flour with the butter in the recipe?
44,What should I add to the chicken mixture to give it a richer flavor?
45,What temperature should I preheat the oven to for the Buttermilk Pie?
45,How long should I bake the pie after pouring the filling into the crust?
45,What ingredients do I need to mix for the pie filling?
45,How do I prepare the gingersnap crumb crust for this recipe?
45,"Is it necessary to chill the pie before serving, or can it be served warm?"
46,What are the main ingredients needed to make A Jad - Cucumber Pickle?
46,How long can I store the A Jad - Cucumber Pickle in the refrigerator?
46,Can I use green chilies instead of red chilies for this recipe?
46,What is the calorie content per serving of the A Jad - Cucumber Pickle?
46,What are the first steps in preparing the cucumbers for this recipe?
47,What temperature should I preheat the oven to for the Butter Pecan Cookies?
47,How long should I bake the cookies until they are golden brown?
47,What ingredients are creamed together to form the dough?
47,Is there any frosting needed before serving the Butter Pecan Cookies?
47,How many calories are in one Butter Pecan Cookie?
48,What is the cooking time for the Boston Cream Pie?
48,How should I store the Boston Cream Pie after baking?
48,"Can I use a different type of milk for the recipe, or must it be whole milk?"
48,What are the main components of the filling and glaze in this recipe?
48,Is there a way to reduce the sugar content in the Boston Cream Pie recipe?
49,What type of mushrooms should I use for the Chicken Breasts Lombardi recipe?
49,How thick should I flatten the chicken breasts before cooking?
49,How much butter is needed to cook the chicken in the skillet?
49,What is the baking temperature and time for this recipe?
49,What is the nutritional content in terms of protein for one serving of Chicken Breasts Lombardi?
50,What ingredients are needed for the egg wash in the Biscotti Di Prato recipe?
50,How long should the logs bake in the preheated oven before slicing?
50,What should the size of the biscotti slices be after cutting the logs?
50,What is the purpose of brushing the logs with the egg wash before baking?
50,Can you tell me how to store the finished biscotti?
51,What are the steps involved in making Chai Tea according to the recipe?
51,How long should I simmer the spices before adding the teabags?
51,What is the recommended serving size for this Chai Tea recipe?
51,"Can the spices be strained out after making the tea, and what effect does this have?"
51,What is the total calorie count for one serving of this Chai Tea?
52,What are the steps to prepare the Cafe Cappuccino?
52,How many calories does one serving of Cafe Cappuccino contain?
52,Is there any cholesterol in the Cafe Cappuccino recipe?
52,What is the recommended amount of mixture to use for each cup of hot water?
52,How much sugar is present in one serving of Cafe Cappuccino?
53,What type of baking pans do I need for Jimmy G's Carrot Cake?
53,How long should I bake the cake in the oven?
53,What ingredients do I need to combine in the mixing bowl?
53,How should I cool the layer cakes after baking?
53,What should I do after the cake cools thoroughly?
54,What are the main ingredients I need to prepare the Carrot Cake recipe?
54,"How long should I bake the Carrot Cake, and at what temperature?"
54,Can you explain the steps involved in making the Cream Cheese Glaze for the Carrot Cake?
54,What is the total calorie count for one serving of the Carrot Cake?
54,"Do I need to use a specific type of pan for baking the Carrot Cake, and how should I prepare it?"
55,What are the main ingredients needed to make Betty Crocker's Southwestern Guacamole Dip?
55,How long should I chill the guacamole dip before serving it?
55,What is the total calorie count for the entire recipe of the guacamole dip?
55,How much saturated fat does this guacamole dip contain per serving?
55,Is there any cholesterol in Betty Crocker's Southwestern Guacamole Dip?
56,What temperature should I preheat the oven to when making Buttermilk Pie?
56,How long should I bake the pie at 350°F after the initial 10 minutes at 400°F?
56,What are the main ingredients that contribute to the sweet taste of Buttermilk Pie?
56,"Is it recommended to reduce the sugar in this recipe, and how might that affect the final product?"
56,What texture and color should the pie have when it's done baking?
57,What are the main ingredients needed for the Black Bean Salsa recipe?
57,How many calories are in one serving of Black Bean Salsa?
57,What is the total fat content in Black Bean Salsa?
57,Can you tell me the protein content in this Black Bean Salsa?
57,How should I serve the Black Bean Salsa after preparing it?
58,What type of oil should I use to brown the beef in the Low-Fat Burgundy Beef & Vegetable Stew recipe?
58,How long do I need to simmer the stew after adding the broth and wine?
58,What vegetables are added to the stew after the initial simmering period?
58,How many calories does one serving of the Low-Fat Burgundy Beef & Vegetable Stew contain?
58,What is the total protein content in a serving of this stew?
59,What type of bread is used in Lou's Fabulous Bruschetta recipe?
59,How long should I bake the bruschetta for?
59,What is the caloric content of one serving of this bruschetta?
59,What ingredients do I mix with the ricotta cheese for the filling?
59,How do I prepare the tomato mixture for the bruschetta topping?
60,What temperature should I preheat the oven to for the Blueberry Dessert?
60,How long do I need to bake the crust layer before adding the blueberries?
60,What ingredients are required to fold into the egg whites during preparation?
60,How much sugar is used in the Blueberry Dessert recipe?
60,"What are the nutrition facts for the Blueberry Dessert, including calories and fat content?"
61,What kind of pan should I use for the Brownie Heart Cake recipe?
61,"How long should I bake the cake, and at what temperature?"
61,What ingredients are combined to make the frosting for the Brownie Heart Cake?
61,Is there any specific way to prevent the tip of the heart from drying out during baking?
61,How should I garnish the Brownie Heart Cake after frosting it?
62,"What ingredients do I need to prepare the Black Bean, Corn, and Tomato Salad?"
62,How long should I let the salad sit before serving to enhance the flavor?
62,"Is it necessary to use plum tomatoes, or can I substitute them with ordinary tomatoes?"
62,What recommendations do you have for using lettuce in this salad?
62,"What are the nutritional values for calories, fat, and protein in this salad?"
63,What type of oil is used to sauté the sausage in the Cabbage and Sausage Soup recipe?
63,How long should the onions be sautéed until they become soft?
63,At what point do you add the cabbage and reserved sausage to the soup?
63,What ingredients are needed for the base of the soup before adding the cabbage?
63,What should you place in the bowl before ladling the soup over for serving?
64,What temperature should I preheat the oven to when making the Almond Pound Cake?
64,How long should I bake the cake in a greased 9x5 loaf pan?
64,What are the ingredients needed to combine with butter and almond paste?
64,What should I do to serve the Almond Pound Cake?
64,What happens if I want to make a larger version of the cake in a bundt pan?
66,What type of coffee is recommended for the Black Coffee Barbecue Sauce recipe?
66,How long should the sauce be simmered in the saucepan?
66,What is the maximum time the sauce can be stored in the refrigerator?
66,What ingredient balances the sweetness in the sauce?
66,What is the total calorie count for the Black Coffee Barbecue Sauce?
67,What is the main ingredient used to create the glaze for the Bourbon Pecan Pound Cake?
67,How long should I bake the cake and at what temperature?
67,What should I do to test if the cake is done baking?
67,How many eggs are used in the Bourbon Pecan Pound Cake recipe?
67,"Is there any nut included in the cake, and if so, what type?"
68,What ingredients do I need to prepare the crust for the Chicago Style Pizza?
68,How long should I let the dough rise after kneading it?
68,What temperature do I need to set my oven to cook the pizza?
68,What toppings are included in this Chicago Style Pizza recipe?
68,How many servings does this pizza recipe yield?
69,What are the different methods to make Chicha Peruana and how do they vary in difficulty?
69,How long should I wait after pitching before drinking Chicha for the best taste?
69,Can I use regular yellow corn from the grocery store instead of growing my own corn for this recipe?
69,What adjustments did you make to the recipe when you discovered you had less jora than expected?
69,"What specific flavors did you use in your batches of Chicha, and how did they differ?"
70,What is the first step in making the Buckwheat Bread?
70,How long should the dough rise during the first proofing phase?
70,What temperature should the oven be preheated to before baking the bread?
70,How do I know when the bread is done baking?
70,What ingredients need to be added after the yeast is proofed?
71,How long do I need to simmer the chickens until they are tender?
71,What should I do after I remove the chickens from the pan?
71,What ingredients do I need to steam the dumplings properly?
71,How long should I steam the dumplings in total?
71,What is the recommended amount of butter to use in this recipe?
72,What temperature should I preheat the oven to for the Brownie Pudding recipe?
72,What ingredients do I need to combine in the bowl before adding the liquids?
72,How long should I bake the Brownie Pudding in the oven?
72,Is there a suggested serving option for the Brownie Pudding once it's cooled?
72,What are the total calories in one serving of Brownie Pudding?
73,What type of meat is used in the Bratwurst recipe?
73,How long should the mixture be chilled before stuffing the casings?
73,What is the maximum temperature to maintain while poaching the sausages?
73,How do you ensure the sausages are cooked properly in the stock?
73,What is the total calorie content for the Bratwurst recipe?
74,What temperature do I need to preheat the oven for the Brownie Cheesecake Torte?
74,How long should I bake the torte at 425 degrees Fahrenheit?
74,Can I use a different type of cheese in the filling if I don't have the specified ones?
74,What should I use to garnish the Brownie Cheesecake Torte after it's baked?
74,How many calories are in a serving of the Brownie Cheesecake Torte?
75,What other types of peppers can I use in the California Chilled Salsa recipe?
75,How should I prepare the ingredients if I want a finer texture for the salsa?
75,How long should I chill the salsa before serving it?
75,What are some suggested serving ideas for this salsa?
75,What is the total calorie count per serving of California Chilled Salsa?
76,What ingredients do I need to make the authentic Alfredo sauce?
76,Can I use a different type of pasta with this Alfredo sauce or should I stick to angel hair?
76,Is there a recommended way to serve this Alfredo sauce for a complete meal?
76,How can I adjust the recipe if I want a thicker Alfredo sauce?
76,What alternatives can I use to light butter and reduced fat Parmesan cheese if I want to keep it less healthy?
78,What are the main ingredients needed to make Buttermilk Ranch Dressing?
78,How many calories are there in a serving of the Buttermilk Ranch Dressing?
78,What is the purpose of mashing the garlic with salt in the recipe?
78,"Can I adjust the flavor after tasting the Buttermilk Ranch Dressing, and how?"
78,Is there any specific storage recommendation for the Buttermilk Ranch Dressing after making it?
79,What ingredients do I need to prepare the Brisket with Sauerkraut and Applesauce?
79,How long should I simmer the brisket for it to become fork tender?
79,Can I modify the sauce seasoning after cooking the brisket?
79,Is it possible to prepare the brisket in advance and how should I store it?
79,What are the nutritional values per serving for this brisket recipe?
80,What are the main ingredients needed to prepare the Bread Pudding recipe?
80,What temperature should I set my oven to bake the pudding initially?
80,How long do I need to bake the Bread Pudding for it to cook properly?
80,What should I do to make the Meringue topping for the Bread Pudding?
80,Can you tell me the calorie count for one serving of the Bread Pudding?
81,What is the base ingredient for all 28 variations of this quick mix recipe?
81,How long should the mixture be baked if prepared as muffins?
81,What are the additional ingredients needed for the Walnut variation?
81,Can you list some of the fruits that can be included in the recipe variations?
81,What is the recommended way to store the quick mix before use?
82,What are the key ingredients used in the dough for Brazilian Empadinhas?
82,How long should the dough rest before shaping it into muffin tins?
82,What is the cooking time and temperature for baking the empadinhas?
82,Can I use different fillings besides shrimp for the empadinhas?
82,"What nutritional content does one serving of Brazilian Empadinhas have, especially in terms of calories and protein?"
83,What steps do I need to follow to prepare the potatoes for Bubble and Squeak?
83,How long should I fry the patties to achieve the desired crispy texture?
83,Is there a specific type of bacon I should use for this recipe?
83,What should I do with the potato mixture after combining it with the vegetables?
83,How many servings does this Bubble and Squeak recipe make?
84,What should I do with the Brussels sprouts before cooking them in the recipe?
84,How long should I cook the Brussels sprouts if I decide to halve them?
84,What temperature should I preheat my oven to for baking this recipe?
84,What ingredients do I need to mix with the Brussels sprouts before baking them?
84,What is the total cooking time for the Brussels sprouts in the oven?
85,What is the baking time and temperature for the Butter Madeira Cake?
85,How do I prepare the tin before pouring in the cake batter?
85,"Can I alter the flavor of the Butter Madeira Cake, and if so, what variations are suggested?"
85,"What are the nutritional details, specifically calories and fat content, for a serving of this cake?"
85,How long should I let the cake sit in the tin before transferring it to a rack?
86,What temperature should I preheat the oven to for the Butter Dips recipe?
86,How long should I bake the Butter Dips until they are golden brown?
86,What are the dimensions of the pan used to melt the butter?
86,How do I cut the dough before baking the Butter Dips?
86,What is the calorie count for one serving of the Butter Dips?
87,What temperature should I preheat the oven to for making the brownies?
87,How long should the chocolate and butter be cooked together to ensure they melt properly?
87,What should I do if the chocolate starts to burn while melting?
87,How many servings does this brownie recipe provide for a tea time gathering?
87,What ingredients should be added to the mixture for flavoring before baking?
88,What ingredients are needed to prepare the Breakfast Burritos?
88,How do I ensure the egg mixture holds together in the tortilla?
88,What is the total calorie content of the Breakfast Burritos recipe?
88,How long should I warm the tortillas in the microwave?
88,What is the protein content per serving of the Breakfast Burritos?
89,What kind of cake mix is used for the Almond Joy Cake and in what size pan should it be baked?
89,How should the marshmallows be prepared before adding them to the cake mixture?
89,What temperature should the icing mixture reach for the soft ball stage while cooking?
89,What additional toppings can be added to the cake before serving?
89,Why is it recommended to let the cake sit overnight after preparation?
90,What are the main ingredients required to make the Almond Paste?
90,How long should I cook the water and sugar mixture for making the Almond Paste?
90,What should I do if the almond paste becomes too stiff after storage?
90,How much almond paste does this recipe yield once prepared?
90,Can almond paste be used in desserts other than cookies?
91,What is the cooking temperature for the Brown Rice and Vegetable Pilaf?
91,How long do I need to bake the rice and vegetable mixture until it is tender?
91,What vegetables are included in the stir-fry step of the recipe?
91,What type of broth is used in the preparation of this dish?
91,Can you list the total calories for a serving of the Brown Rice and Vegetable Pilaf?
92,What ingredients do I need for the Brown Bag Apple Salad?
92,How many calories are in one serving of the Brown Bag Apple Salad?
92,"Can I store the Brown Bag Apple Salad for later meals, and if so, how?"
92,What is the total carbohydrate content of the Brown Bag Apple Salad?
92,Is there any cholesterol in the Brown Bag Apple Salad recipe?
93,What ingredients are necessary to prepare Blue Stuffed Mushrooms?
93,How do I achieve a fluffy texture in the cheese mixture for the mushrooms?
93,What should I use to top each stuffed mushroom after filling it?
93,How many calories are in one serving of Blue Stuffed Mushrooms?
93,What is the total fat content in this recipe for Blue Stuffed Mushrooms?
94,What temperature should I preheat the oven to for the Blueberry Buttertarts?
94,How long should I bake the tarts and where in the oven should they be placed?
94,What ingredients do I mix in the large bowl for the filling?
94,How long can I refrigerate the tarts after baking them?
94,What is the total calorie count for one serving of Blueberry Buttertarts?
96,What ingredients do I need to prepare the filling for the Calzone?
96,"How long do I need to bake the Calzones, and at what temperature?"
96,"Can I substitute the dough, and if so, what alternatives are suggested?"
96,What is the total calorie content of one Calzone?
96,What are the nutritional contents in terms of fat and protein for a Calzone?
97,What type of bread can I use if I don't have stale toast bread?
97,"How long should I bake the tomatoes in the oven, and at what temperature?"
97,What should I do with the garlic cloves after baking the tomatoes?
97,When do I add the crunchy bread to the salad while serving?
97,How do I prepare the dressing for this salad?
99,What are the main distinguishing ingredients in chaat masala that give it a unique flavor?
99,How is fresh fruit typically served with chaat masala?
99,"Where can I buy black salt, and what makes its flavor different from regular salt?"
99,What variations of garam masala can be used in this recipe?
99,What is the total calorie content of the chaat masala recipe?
100,What are the first steps to prepare the bread for the Bread Pudding with Jack Daniels Sauce?
100,How long should the bread soak in the milk mixture before baking?
100,What temperature do I need to set my oven to for baking the bread pudding?
100,How do I prepare the sauce to serve over the bread pudding?
100,What is the total calorie content of the Bread Pudding with Jack Daniels Sauce?
101,What is the main cooking method used in the Braised Chicken with Onions and Tomatoes recipe?
101,How long do I need to braise the chicken for it to be fully cooked?
101,What ingredients are added after browning the chicken pieces?
101,What are the recommended serving suggestions for this dish?
101,"Can I freeze leftovers from this recipe, and how well do they keep?"
102,Can you explain the layering process for the ingredients in the Cheesy Scalloped Potato Side Dish?
102,What is the recommended baking temperature and time for this recipe?
102,Is there an alternative cooking method for this recipe and how does it differ from baking?
102,"What are the nutritional values, particularly the calories and fat content, for a serving of this dish?"
102,"How long does the preparation take, especially for peeling and slicing the potatoes?"
103,What ingredients do I need to sauté for the Borscht recipe?
103,How long do I need to simmer the Borscht after bringing it to a boil?
103,What should I add a few minutes before serving the Borscht?
103,What sides are recommended to serve with the Borscht?
103,What is the total calorie count for a serving of Borscht?
104,What ingredients do I need to make the Cheeseburger Casserole?
104,How long do I need to bake the casserole for after adding the cheese and biscuits?
104,Can I modify the recipe to add extra flavor since you mentioned it can be boring?
104,What are the total calories and protein content per serving of the Cheeseburger Casserole?
104,"Is there a recommended way to store leftovers of this casserole, and how long will they last?"
105,How long does it take to prepare Caputo's Halibut With Mint and Balsamic Vinegar?
105,What are the main ingredients needed to make this halibut recipe?
105,What is the calorie content per serving of this dish?
105,What type of cooking method is used for the fish in this recipe?
105,Can I expect any carbohydrates in this halibut recipe?
106,What ingredients do I need to make Cajun Beef Burgers?
106,How long does it take to prepare the sauce for the Cajun Beef Burgers?
106,What is the cooking time for the beef patties in this recipe?
106,Can I substitute the tomatoes used in the sauce with a different variety?
106,How many servings does the Cajun Beef Burgers recipe yield?
108,What ingredients do I need for the cornmeal pastry in the Buttermilk Pie recipe?
108,How long should I bake the pie at each temperature during the cooking process?
108,What do I do with the egg whites after separating them from the yolks?
108,What should I do to make the meringue for the Buttermilk Pie?
108,Can you tell me the nutritional information for this Buttermilk Pie recipe?
109,What is the recommended cooking time for the lamb in the oven?
109,How long should the lamb be refrigerated before cooking?
109,What should be done to the potatoes and onions before adding the lamb?
109,What ingredients do I need to mix for the garlic butter spread?
109,How should the lamb be prepared for even cooking before seasoning?
110,What steps do I need to follow to prepare the beets for the Borsch recipe?
110,How can I achieve a thinner consistency for my Borsch if I find it too thick?
110,What specific ingredients are added to the chopped beets in the recipe?
110,How much sour cream should I add to each serving of Borsch?
110,What is the total calorie count for a serving of this Borsch recipe?
112,What are the main ingredients used in the Chicken and Broccoli Lasagna recipe?
112,How long does it take to bake the Chicken and Broccoli Lasagna in the oven?
112,What is the total calorie content of one serving of this lasagna?
112,What is the recommended cooking method for the chicken before assembling the lasagna?
112,Can you explain the layering process for constructing the lasagna in the baking pan?
113,What are the main ingredients needed to make the Carrot Ginger Biscuits?
113,How long should I bake the biscuits for and at what temperature?
113,Can you tell me the nutritional information like calories and fat content for one biscuit?
113,What should I do if I want to make more than 12 biscuits?
113,Is there a specific method for cutting the dough into rounds for the biscuits?
114,What is the main ingredient used for the filling in the Chicken Breasts Saltimbocca recipe?
114,How long should I refrigerate the chicken after coating it in the flour mixture?
114,What are the cooking times and settings for the slow cooker when preparing this dish?
114,What ingredients are combined to create the sauce that is poured over the chicken rolls?
114,"Can you tell me the nutritional content, specifically the protein and fat, of the Chicken Breasts Saltimbocca recipe?"
115,What are the steps to prepare the clam shells before cooking the spaghetti?
115,How long should I cook the spaghetti to achieve an al dente texture?
115,What ingredients do I need to add to the olive oil after heating it in the skillet?
115,How long do I need to cook the covered pot with clams and potatoes?
115,What should I do after draining the pasta before serving?
116,What temperature should I set my oven to when baking the Blueberry Scones?
116,How many scones does this recipe yield after cutting the dough?
116,What ingredients do I need to sift together in the large bowl?
116,How long should I bake the scones for until they are golden brown?
116,What should I brush the tops of the scones with before baking?
117,What are the main ingredients needed to make Blueberry Cookies?
117,How long do I need to chill the cookie dough before baking?
117,Can I use frozen blueberries instead of fresh ones for this recipe?
117,What is the recommended baking temperature and time for the cookies?
117,"What are the nutritional values, specifically the calorie content, for each Blueberry Cookie?"
118,What type of apples are recommended for Abby's Pecan Apple Cake?
118,How long should the cake be baked in the oven?
118,What should I do if the top of the cake begins to brown too quickly?
118,What is the purpose of wrapping foil around the springform pan?
118,What should the texture of the batter look like before baking?
119,What are the main ingredients needed for the Carrot & Tahini Sandwich?
119,How many calories are there in one serving of the Carrot & Tahini Sandwich?
119,Is there any cholesterol in the Carrot & Tahini Sandwich recipe?
119,How should I store the sandwich if I can't eat it right away?
119,What is the best way to combine the ingredients for the sandwich?
120,What temperature should I preheat the oven to for the Carrot Cake II recipe?
120,How many eggs do I need to add to the grated carrots?
120,What should I do after adding the dry ingredients to the mixture?
120,What ingredients are needed for the icing of the Carrot Cake II?
120,How long should I bake the cake at 325°?
121,What are the main ingredients in the Lamb and Pork Cassoulet recipe?
121,How long do I need to bake the dish in the oven?
121,What should I do if I want to add more beans to the recipe?
121,What is the total calorie count for a serving of this dish?
121,What is the recommended cooking method for the onion and garlic in this recipe?
122,What are the key ingredients needed to make the Commissary Carrot Cake?
122,"How long should I bake the cake for, and at what temperature?"
122,"Can I prepare the frosting ahead of time, and how should I store it?"
122,What should I do if the cream cheese filling is too soft to spread?
122,What is the purpose of baking the coconut before adding it to the cake?
123,What are the steps to prepare the crust for the Carrot Maple Cheesecake?
123,How do I know when the filling is properly mixed with the carrots and cream cheese?
123,What is the recommended baking temperature and time for the cheesecake filling?
123,"Is there a way to add a garnish to the cheesecake, and if so, what does that involve?"
123,How long should I refrigerate the cheesecake before serving to ensure it's properly set?
124,What are the main ingredients needed to make Catherine's Excellent Yorkshire Pudding?
124,How long should I cook the Yorkshire puddings in the oven for best results?
124,What type of oil should be used in the foil cases before adding the mixture?
124,"Can I adjust the amount of salt and pepper in the recipe, and how would it affect the flavor?"
124,What is the recommended serving suggestion for Catherine's Yorkshire pudding?
125,What are the main ingredients used in the Caribbean Cowpeas and Rice recipe?
125,How long should I soak the peas before using them in the recipe?
125,What cooking method is used after boiling the mixture in the recipe?
125,What is the total calorie count per serving of the Caribbean Cowpeas and Rice?
125,"Can you list the nutritional information such as fat, protein, and carbohydrate content for this recipe?"
126,What are the main ingredients in the Carnation Lean Fettuccine Alfredo recipe?
126,How long should I cook the fettuccine in boiling water for the ideal texture?
126,What step follows cooking the garlic in the non-stick skillet?
126,How long should I let the dish stand after removing it from heat to thicken?
126,What can I add as a garnish before serving the fettuccine Alfredo?
127,What temperature should I bake the Caramel Rice Pudding at?
127,How long do I need to bake the pudding for it to be ready?
127,What should I do if the pudding is not creamy enough while cooking?
127,"Is it possible to cook the pudding in individual dishes, and how can I serve them?"
127,What types of sugars can be used in this Caramel Rice Pudding recipe?
128,What are the main ingredients needed to make the Caramel Apple Milkshakes?
128,How many servings does the Caramel Apple Milkshakes recipe provide?
128,What is the calorie content per serving of the Caramel Apple Milkshakes?
128,What is the preparation process for the Caramel Apple Milkshakes?
128,"Can you tell me the nutritional details, specifically about fat, carbohydrates, and protein in the Caramel Apple Milkshakes?"
129,What types of juice concentrates are used in the Champagne Punch recipe?
129,How should the Gingerale and Champagne be mixed in the punch?
129,Is there any water added to the punch when mixing the juice concentrates?
129,What is the total calorie count for a serving of the Champagne Punch?
129,Can you tell me the carbohydrate content per serving of the Champagne Punch?
130,What are the main ingredients used in the Butterscotch Apple Dumpling recipe?
130,How long should I bake the Butterscotch Apple Dumplings in the oven?
130,What is the recommended cooking temperature for the Butterscotch Apple Dumpling?
130,How do I properly prepare the apples for this recipe?
130,"Is there any nutritional information available for the Butterscotch Apple Dumpling, such as calorie or fat content?"
131,What temperature should I use to toast the rolled oats for the Buttermilk-Oat Bread?
131,How long should I bake the toasted rolled oats for the Buttermilk-Oat Bread recipe?
131,Which setting should I use on the bread machine when baking the Buttermilk-Oat Bread?
131,What are the total calories in a serving of Buttermilk-Oat Bread?
131,What is the cholesterol content per serving of the Buttermilk-Oat Bread?
133,Can I use raspberries instead of blueberries in this syrup recipe?
133,What is the total calorie content for the entire batch of blueberry pancake syrup?
133,How long should I let the syrup cool before adding lemon juice?
133,What is the recommended method for storing the syrup for long-term use?
133,Are there any specific cooking temperatures I need to watch for while preparing the syrup?
134,What is the traditional use of Chanfana Ou Lampantana in Mozambique?
134,"Is it necessary to use an iron pot for this recipe, or can I use another type of pot?"
134,Can I substitute goat meat with another type of meat in this recipe?
134,How long should I ideally cook Chanfana Ou Lampantana if I want the meat to be tender?
134,What is the recommended serving suggestion for this dish?
135,What ingredients do I need for the Cherry Sandwich Maker Snack recipe?
135,How long should I let the sandwiches brown in the sandwich maker?
135,What happens if I add too much filling to the sandwich maker?
135,Can you tell me the calorie count for each Cherry Sandwich Maker Snack?
135,How many servings does this recipe make?
136,What temperature should I preheat the oven to for the Cheesecake Cupcakes with Blueberries?
136,How long do I need to bake the cupcakes until they are set?
136,What ingredients do I need to mix with the cream cheese and sugar?
136,How should I cool the cupcakes after baking them?
136,What is the calorie count for each Cheesecake Cupcake with Blueberries?
138,What ingredients are needed to make the Cheese and Pineapple Dip?
138,How long should the dip be chilled before serving?
138,What is the total volume of dip that this recipe makes?
138,"What are the nutritional details, such as calories and fat content, for this recipe?"
138,Who is credited with this recipe and where are they from?
139,What ingredients are needed to make the curried mayonnaise for the Chicken and Pineapple Salad?
139,How long should the coconut be toasted in the oven for the salad?
139,What is the recommended serving size for the Chicken and Pineapple Salad?
139,"Can the Chicken and Pineapple Salad be prepared in advance, and if so, how long should it be refrigerated before serving?"
139,"What are the nutritional values, including calories and fat content, for one serving of this recipe?"
141,What ingredients do I need to make the sauce for Carrie's Pizza Rolls?
141,How long should I knead the dough for the pizza rolls?
141,At what temperature should I bake the pizza rolls?
141,Can I freeze the pizza rolls after making them?
141,What can I add to the pizza rolls besides Mozzarella cheese?
142,What ingredients do I need for the Almond Fudge Banana Cake?
142,How long do I need to bake the cake in the oven?
142,What is the calorie content of one serving of the cake?
142,How should I cool the cake after baking?
142,What is the yield of this recipe in terms of servings?
143,How long should I let the tomatoes marinate before using them in the recipe?
143,What ingredients do I need to mix together for the tomato mixture?
143,What should I do to prepare the bread before adding the provolone and Parmesan cheese?
143,How do I ensure that the cheese on the bread becomes bubbly?
143,What are the approximate calories and nutritional values for this Cherry Tomatoes on Provolone Garlic Bread?
144,What are the key ingredients needed to make Cheesy Chicken Noodle Casserole?
144,How long do I need to cook the egg noodles before combining them with the chicken?
144,What type of cheese is used in the recipe to achieve the cheesy flavor?
144,Can you tell me the total calorie count for a serving of this casserole?
144,Is there anything added at the end for garnish in this recipe?
145,What are the steps to prepare the Caramel Sultana Square?
145,What is the total calorie content of the Caramel Sultana Square?
145,How much saturated fat is in each serving of the Caramel Sultana Square?
145,What ingredients are needed to make the Caramel Sultana Square?
145,How long do I need to bake the Caramel Sultana Square for?
146,What is the best way to ensure that the pie crust dough does not get over-mixed?
146,How do I know when the apples are fully caramelized for the filling?
146,What temperature should I preheat the oven to for baking the pie?
146,How long should I let the pie cool before serving it?
146,"Can I use the reserved juices from the apple filling to make a sauce, and if so, how?"
147,What kind of cake mix can I use for the Campfire Orange Cake recipe?
147,Do I need to wrap the oranges in foil when baking in the campfire?
147,How do I prepare the oranges for the gingerbread mix?
147,What temperature should the coals be when placing the orange cups for baking?
147,How many calories are in one serving of Campfire Orange Cake?
148,What types of fillings can I use for the Bugwiches?
148,How do I prepare the vegetables for decoration?
148,Can you explain how to assemble the Bugwiches step by step?
148,What is the total calorie content for one serving of Bugwiches?
148,What ingredients are needed to create the eyes and antennae on the Bugwiches?
149,What type of bread is used in the Cheese Rolls recipe?
149,How do you prepare the cheese for the Cheese Rolls?
149,What is the baking time or temperature for the Cheese Rolls?
149,Can you tell me the total calorie count for one serving of Cheese Rolls?
149,What is the sodium content per serving of the Cheese Rolls?
150,What type of chicken should I use for the All-Purpose Crock Pot Chicken recipe?
150,How long should I let the chicken cook in the slow cooker for optimal tenderness?
150,"Can I use the broth left over after cooking the chicken, and if so, what can I use it for?"
150,What should I be cautious about when using Cajun seasoning on the chicken?
150,What are some serving suggestions for the All-Purpose Crock Pot Chicken once it's cooked?
151,What are the main ingredients used in the Anise Toast recipe?
151,How long do I need to bake the Anise Toast in the oven?
151,"Can I cut the Anise Toast before it's completely cooled, and if so, when should I do this?"
151,What are the total calories and fat content per serving of the Anise Toast?
151,"Can Anise Toast be paired with other desserts, and if so, what are some suggestions?"
152,What are the main steps involved in preparing the Angel Food Cake Waldorf?
152,How long should the cake be chilled before serving?
152,What ingredients do I need to whip the cream for this recipe?
152,How much sugar and cocoa are combined in the cream mixture?
152,What is the calorie content of the Angel Food Cake Waldorf per serving?
153,What ingredients do I need to make the Amish Friendship Bread starter?
153,How long do I need to stir the starter before it's ready to use?
153,What should I do on day 18 of the starter preparation process?
153,What can I do with the starter once it's ready on day 27?
153,"What temperature should I bake the Amish Friendship Bread at, and for how long?"
154,What are the steps to prepare Amish Cornbread according to the recipe?
154,How long should I bake the Amish Cornbread and at what temperature?
154,What is the total calorie count for the entire recipe of Amish Cornbread?
154,Can you tell me the amounts of fat and protein present in the Amish Cornbread recipe?
154,What is the suggested pan size for baking the Amish Cornbread?
155,What are the main steps to prepare the Light Cucumber Soup?
155,How long should I refrigerate the soup before serving?
155,What is the total calorie content of the Light Cucumber Soup?
155,Can you list the nutritional values for fat and protein in this recipe?
155,Is there any cholesterol in the Light Cucumber Soup and how much is it?
156,What are the steps to prepare the Cold Celery recipe?
156,How many calories are in one serving of Cold Celery?
156,What ingredients are added to the celery after chilling?
156,Is there any cholesterol content in this recipe?
156,What is the sodium content per serving of Cold Celery?
157,What are the main ingredients needed to prepare Coconut-Lemon Macaroons?
157,How long should I bake the Coconut-Lemon Macaroons in the oven?
157,What specific temperature should the oven be set to for baking these macaroons?
157,Can you explain the process of preparing the egg whites for this recipe?
157,What is the total calorie content for the entire batch of Coconut-Lemon Macaroons?
158,What temperature should I preheat the oven for the Chicken Flambe recipe?
158,How long do I need to bake the chicken and vegetables in the casserole dish?
158,What should I do with the orange liqueur before pouring it over the chicken?
158,What ingredients do I need to make the sauce for the Chicken Flambe?
158,What can I serve with the Chicken Flambe to complete the meal?
159,What spices do I need to adjust in the Chicken Curry recipe to match my taste preferences?
159,How long should I toast the coriander and cumin seeds for the Chicken Curry?
159,What should I serve with the Chicken Curry to enhance the meal?
159,What is the cooking time for browning the chicken in the Chicken Curry recipe?
159,How is cilantro used in the preparation of the Chicken Curry?
160,What is the cooking time for the Chicken Goulash on a Sour Cream Crust?
160,What are the main ingredients needed for the crust of this recipe?
160,How should I prepare the chicken before adding it to the goulash?
160,Can the goulash filling be prepared in advance and stored?
160,What is the total calorie count for one serving of this dish?
161,What ingredients do I need to prepare the pizza dough for the Chicken in Pizza Dough recipe?
161,How long should the pizza dough rise before I proceed with the recipe?
161,What temperature should I preheat the oven to for baking the Chicken in Pizza Dough?
161,Can I use a different type of filling instead of chicken and vegetables for this recipe?
161,How many servings does the Chicken in Pizza Dough recipe yield?
162,What are the steps to prepare the Chicken Lasagna filling?
162,How long should I bake the Chicken Lasagna if I start from frozen?
162,What is the total calorie content per serving of this Chicken Lasagna?
162,What ingredients do I need to prepare the two layers of noodles in the Chicken Lasagna?
162,Can I substitute cheddar cheese with another type of cheese for the topping?
163,What ingredients do I need to prepare the Chicken Liver Pate?
163,How long do I need to cook the liver and onions before blending?
163,What type of container should I use to store the Chicken Liver Pate in the refrigerator?
163,"Can I substitute any ingredients in the Chicken Liver Pate recipe, like the brandy or cream cheese?"
163,What is the recommended serving suggestion for the Chicken Liver Pate?
164,How long should the chicken livers be marinated in cognac?
164,What kind of mushrooms are used in this recipe?
164,"What should I do after cooking the mixture with the liver, onion, mushroom, and garlic?"
164,Is there a step to cool the pate before pouring it into a mold?
164,What is the calorie content of the Chicken Liver Pate II recipe?
165,What ingredients do I need to prepare the batter for the Coconut Shrimp?
165,How should I cook the shrimp to achieve the right texture and color?
165,Can you explain how to make the Orange Mustard Sauce step by step?
165,What is the total calorie count for the Coconut Shrimp With Orange Mustard Sauce recipe?
165,"Is there any information regarding the nutritional content of this recipe, such as fat or protein amounts?"
166,What is the total cooking time for the Chicken Liver Pate III recipe?
166,How long should the Chicken Liver Pate chill after baking?
166,What temperature should the oven be set to when baking the pate?
166,What ingredients are needed to flavor the liver mixture besides the butter?
166,What should I expect to happen to the texture as the Chicken Liver Pate bakes in the oven?
167,What ingredients do I need to prepare the Easy Stuffed Mushrooms?
167,"Can I prepare the Stuffed Mushrooms a day in advance, and how should I store them?"
167,"How long do I need to bake the stuffed mushrooms, and at what temperature should I set the oven?"
167,What is the calorie content of each serving of the Easy Stuffed Mushrooms?
167,Are there any specific seasonings recommended for the stuffing mixture in this recipe?
168,What are the main ingredients needed to make Anzac Biscuits?
168,How long should the Anzac Biscuits be baked for and at what temperature?
168,How is the bicarb mixed with the other ingredients in the Anzac Biscuits recipe?
168,Can you explain the significance of the name 'Anzac' in relation to these biscuits?
168,What is the caloric content of one serving of Anzac Biscuits?
169,What ingredients are needed to make the Ancho Chile Rub?
169,How many servings does this Ancho Chile Rub recipe produce?
169,What is the total calorie count for the Ancho Chile Rub recipe?
169,Can you tell me the sodium content in the Ancho Chile Rub?
169,Is there any cholesterol in the Ancho Chile Rub recipe?
170,What are the layers in the Amish Six Layer Dinner recipe?
170,How long do I need to bake the Amish Six Layer Dinner?
170,What temperature should I set the oven to when baking this dish?
170,"Should I cover the casserole dish during baking, and if so, when?"
170,What ingredients are sprinkled with salt and pepper during the preparation?
171,What type of pan do I need to prepare the Chicken on Sunday recipe?
171,How long should I bake the chicken in this recipe?
171,What temperature should I set my oven to for baking the Chicken on Sunday?
171,What does the recipe recommend using to ensure the rice is juicy?
171,"Can I adjust the baking temperature, and what should I watch out for if I do?"
172,What ingredients do I need to prepare the Chicken Pot Pie Lasagna?
172,How long do I cook the Chicken Pot Pie Lasagna before adding the mozzarella on top?
172,What type of cooking spray should I use to coat the Dutch oven?
172,Can I substitute any of the cheeses in the ricotta cheese mixture?
172,What is the total calorie content for one serving of the Chicken Pot Pie Lasagna?
173,What is the first step in preparing the Chicken Roll-Ups recipe?
173,What ingredients are mixed together before adding the chicken?
173,How long should the Chicken Roll-Ups be baked and at what temperature?
173,Is there an optional ingredient that can be added for coating before baking?
173,What is the recommended side sauce to serve with the Chicken Roll-Ups?
174,What is the cooking temperature required for preparing the Chicken Supreme with Mushrooms?
174,How long should I cook the chicken parcels in the oven?
174,Can you tell me the calorie content of one serving of Chicken Supreme with Mushrooms?
174,What are the main ingredients that make up the mushroom mixture?
174,How should I prepare the chicken breasts before adding the mushroom mixture?
175,What temperature should I preheat the oven to for the Cola Roast recipe?
175,What ingredients do I need to rub over the surface of the roast before cooking?
175,How long should I cover and roast the Cola Roast in the oven?
175,What is the total calorie content of the Cola Roast per serving?
175,What is the sodium content in the Cola Roast recipe?
176,What are the ingredients needed for the frosting of the Cola Cake?
176,How long should I bake the Cola Cake for?
176,Can I substitute Coke with another type of soda in this recipe?
176,What is the total calorie count for one serving of Cola Cake?
176,How do I prepare the batter for the Cola Cake?
177,What are the key ingredients needed to marinate the chicken for the Chicken Sate recipe?
177,"How do I prepare the peanut sauce for the Chicken Sate, and what steps should I follow?"
177,"Can I modify the Chicken Sate recipe by cutting the chicken into chunks, and how does that change the cooking method?"
177,What is the total calorie count for one serving of Chicken Sate with Peanut Sauce?
177,What is the fat content per serving in this Chicken Sate recipe?
178,What are the main ingredients used in the Coconut Crunch Beans recipe?
178,How long can the coconut topping be stored in an airtight container?
178,What is the total cooking time for the beans in this recipe?
178,What is the calorie content of a serving of Coconut Crunch Beans?
178,"Can I prepare the beans in advance, and if so, how should I store them?"
179,What temperature should I preheat the oven to when making Coconut Chicken Bites?
179,How long do I need to bake the Coconut Chicken Bites for them to be fully cooked?
179,Can you tell me the ingredients I need to mix together for the flour mixture in this recipe?
179,Is there a recommended dipping sauce to serve with the Coconut Chicken Bites?
179,What is the total calorie content for the Coconut Chicken Bites recipe?
180,What is the correct oven temperature for baking the Chocolate Pound Cake?
180,How long should I bake the cake in a fluted tube pan?
180,What ingredients are combined in the large mixing bowl before adding the chocolate mixture?
180,What should I do if my loaf pan is slightly smaller than the recommended size?
180,What is the purpose of the syrup added to the cake after baking?
181,What type of oil is recommended for sautéing the chicken in the recipe?
181,How should I finish the dish for extra richness according to the recipe?
181,Can you suggest side dishes that pair well with Chicken With Portabella Mushrooms?
181,What are the total calories in one serving of this chicken recipe?
181,How long should I sauté the onions and mushrooms until they are soft?
182,What are the main ingredients needed for the Low-Fat Apple & Apricot recipe?
182,How long do I need to simmer the mixture for this recipe?
182,What should I do if the mixture becomes too dry during cooking?
182,Can I serve the Low-Fat Apple & Apricot dish warm or does it need to be chilled?
182,How long can I store the leftovers in the refrigerator?
183,"What temperature should I preheat the oven to for the Chicken, Mozzarella & Pepper Tarts?"
183,How long do I need to bake the tarts in the oven?
183,What ingredients do I need to stir cook with the chicken in the non-stick skillet?
183,"How many calories are there in one serving of the Chicken, Mozzarella & Pepper Tarts?"
183,What should I do after cooking the chicken mixture before filling the tart shells?
185,What is the recommended oven temperature for baking the Cola Fruit and Date Loaf?
185,How long should I bake the loaf for it to be properly cooked?
185,Is there a specific pan size needed for this recipe?
185,What should I do with the loaf after baking and cooling it?
185,How long should I store the loaf before slicing it for the best results?
186,What ingredients do I need to prepare the Coca-Cola Cake batter?
186,"How long should I bake the Coca-Cola Cake for, and at what temperature?"
186,"What is the purpose of adding buttermilk, eggs, and marshmallows to the batter?"
186,Can you explain how to prepare the topping for the Coca-Cola Cake?
186,What is the total calorie count for the Coca-Cola Cake recipe?
187,What ingredients do I need to prepare the flour spice for the Chicken-Fried Steak recipe?
187,How long should I cook each steak in the hot oil for optimal results?
187,What is the purpose of holding the cooked steaks in a 225 degree oven?
187,Can you describe the process of making the Cracked Pepper Gravy?
187,What is the total calorie count for the entire recipe serving four?
189,What are the key steps involved in preparing Claudi Sanders' Refrigerator Rolls?
189,How long should the rolls be allowed to rise after shaping them?
189,What is the total time required from preparation to baking for these rolls?
189,What is the yield of this recipe in terms of the number of rolls?
189,What are the nutritional values per serving for Claudi Sanders' Refrigerator Rolls?
190,"What type of meat should I use for the $20,000 Prize-Winning Chili Con Carne recipe?"
190,How long should I simmer the chili after all the ingredients are added?
190,What is the total cooking time for this chili recipe from start to finish?
190,Can you tell me how much sodium is in one serving of this chili?
190,"Is there a specific cooking vessel recommended for making this chili, like a saucepan or Dutch oven?"
191,What temperature should I preheat the oven to for the Chilies Corn Muffins?
191,How long do I need to bake the muffins before they are done?
191,What is the calorie count for a single Chilies Corn Muffin?
191,What ingredients do I need to whisk together in the medium bowl?
191,How long should I let the muffins cool in the pan after baking?
192,What temperature should I preheat the oven to for making Classic Cream Scones?
192,How long should I bake the scones to achieve a lightly browned finish?
192,What should I do with the scraps of dough after cutting out the rounds?
192,How many scones does this recipe make in total?
192,Is there an optional ingredient I can add to enhance the flavor of the scones?
193,What are the initial steps required before marinating the chicken in the Chinese Chicken recipe?
193,How long should the chicken remain in the refrigerator after being coated with the marinade?
193,What should be done to the dish after baking the chicken for 1 1/2 hours?
193,How many calories are there in a serving of the Chinese Chicken recipe?
193,"What are the main nutritional components, such as fat and protein content, in the Chinese Chicken recipe?"
194,What are the first three ingredients I need to bring to a boil for the Classic Chicken and Coconut Soup?
194,How long should I simmer the chicken until it is almost cooked through?
194,What should I do with the chicken after it has cooled?
194,At what point do I add lime juice and jalapeno to the soup?
194,How many calories are in one serving of the Classic Chicken and Coconut Soup?
195,What type of chicken is recommended for the recipe?
195,How long should I let the chicken stand after removing it from heat?
195,What should I do with the linguine once it is cooked?
195,What ingredients are used to make the dressing for the salad?
195,What is the total calorie count for one serving of this salad?
196,What are the main steps to prepare the Clam-Lobster Bake?
196,How should I soak the corn and greens before cooking?
196,What is the recommended cooking time for the food once placed in the pit?
196,How can I tell when the clams and lobsters are fully cooked?
196,What should I serve alongside the Clam-Lobster Bake for the best experience?
197,What is the main characteristic of Civil War Cake that makes it suitable for people avoiding dairy products?
197,Can you describe the process of combining the ingredients before baking the Civil War Cake?
197,"How long should I bake the Civil War Cake, and at what temperature?"
197,What type of frosting is recommended to serve with the Civil War Cake?
197,What are the total calories in a serving of Civil War Cake?
198,What ingredients do I need to add to the pork during the first simmering step?
198,How long should I let the soup simmer after adding the tofu and other ingredients?
198,What is the purpose of mixing cornstarch with water before adding it to the soup?
198,How do I prepare the eggs before adding them to the soup?
198,Can I make adjustments to the spice levels in this recipe?
199,What temperature should I preheat my oven to for the Citrus Glazed Barbecued Pork Loin?
199,How long should I simmer the barbecue sauce after adding my favorite barbecue sauce?
199,What ingredients are used to season the pork loin before roasting?
199,How often should I baste the pork loin with the citrus glaze while roasting?
199,What is the recommended internal temperature for the pork loin when it's done roasting?
200,What are the main ingredients used in the marinade for the Citrus Chicken?
200,How long should I marinate the chicken for the best flavor?
200,What cooking methods can I use to prepare the Citrus Chicken according to the recipe?
200,What is the calorie content of the Citrus Chicken per serving?
200,How should I handle the marinade after grilling the chicken?
201,What are the key ingredients used in the Citrus Baked Halibut recipe?
201,"How long should I bake the halibut in the oven, and at what temperature?"
201,What adjustments should I make if I'm cooking the halibut in the microwave instead of the oven?
201,Can I serve the Citrus Baked Halibut with any particular sauce for added flavor?
201,What is the total calorie content and protein amount per serving of this dish?
203,What ingredients do I need to prepare Chinese Plum Sauce?
203,How long does it take to cook the plum sauce before it's ready?
203,Can you explain the process of straining the sauce and what to do afterward?
203,What is the total yield of this Chinese Plum Sauce recipe?
203,What is the calorie content of the entire batch of plum sauce made?
204,What ingredients are needed to make the Chinese Meatballs?
204,How long do I need to cook the meatballs in the wok?
204,What should I do with the cabbage while the meatballs are simmering?
204,How can I thicken the sauce after cooking the meatballs?
204,What is the total caloric content of the Chinese Meatballs per serving?
205,What are the key ingredients needed to prepare Cinnamon Curry Rice?
205,How do I prepare the cinnamon broth for this recipe?
205,What type of meat is used in the Cinnamon Curry Rice recipe?
205,Can I add other vegetables or substitute the ones listed in the recipe?
205,What is the total calorie count for a serving of Cinnamon Curry Rice?
206,What temperature should I preheat the oven to for the Chocolate Almond Scones?
206,How many eggs do I need for the scone recipe and how is one of them used differently?
206,What are the key dry ingredients needed to make the scone dough?
206,How long should I bake the scones and what should I look for to know they are done?
206,What is the total calorie count for one serving of the Chocolate Almond Scones?
207,What ingredients do I need for the Cinnamon Apple Salad recipe?
207,How many servings does the Cinnamon Apple Salad yield?
207,How long should I refrigerate the salad to allow it to firm up?
207,What is the total calorie content per serving for the Cinnamon Apple Salad?
207,Is there anything specific I need to do with the gelatin before adding it to the salad?
208,What temperature should I preheat the oven to before making the Chunky Tomato Cheese Pie?
208,"How many tomatoes do I need in total for the recipe, and how should I prepare them?"
208,What ingredients do I need to mix in the large bowl before spooning them into the pie shell?
208,How long do I need to bake the pie initially before adding the tomato slices and cheese strips?
208,What are the total calories in one serving of the Chunky Tomato Cheese Pie?
209,"What steps do I need to take to prepare the Chocolate Bread and Butter Pudding, including layering the bread and chocolate?"
209,How long should I let the pudding sit before baking it in the oven?
209,What temperature should I set my oven to when baking the Chocolate Bread and Butter Pudding?
209,What are the main ingredients I need for the liquid mixture before pouring it over the bread?
209,What is the serving suggestion for the Chocolate Bread and Butter Pudding after it is baked?
210,What are the main ingredients needed to make Christmas Snow Punch?
210,How many calories are in a serving of Christmas Snow Punch?
210,Is there any protein content in the Christmas Snow Punch recipe?
210,How should I prepare the Christmas Snow Punch before serving it?
210,What cookbook is the Christmas Snow Punch recipe from?
211,What ingredients do I need to prepare the Christmas Cranberry Salad?
211,How long should I chill the marshmallows and cranberries before adding other ingredients?
211,What is the calorie count for a serving of the Christmas Cranberry Salad?
211,Can you tell me the nutritional content for fat and protein in this recipe?
211,Is there any specific order in which I should add the ingredients to the salad?
212,What ingredients do I need to make the Chocolate Caramels?
212,How long do I need to boil the mixture during the cooking process?
212,What should I do after boiling the mixture to the firm ball stage?
212,How many calories are there in a serving of Chocolate Caramels?
212,What type of pan should I use to pour the mixture over the nuts?
213,What temperature should I preheat the oven to when baking the Chocolatey Raisin Chip Cookies?
213,"How long do I need to bake the cookies, and what should I do with them after baking?"
213,Can you list the main ingredients that need to be combined for the wet mixture in the cookie recipe?
213,How many cookies does this recipe yield in total?
213,What are the calorie and fat content per cookie for the Chocolatey Raisin Chip Cookies?
214,What temperature should I preheat the oven to for the Chocolate-Chocolate Cupcakes?
214,"How long do I need to bake the cupcakes, and how can I check if they are done?"
214,What ingredients do I need to combine in the large bowl before baking?
214,How do I prepare the chocolate mixture for filling the cupcakes?
214,How long should I let the cupcakes cool before cutting them in half?
215,What should I use if I don't have a baking insert for the crock pot?
215,How long do I need to cook the Crock Pot Chocolate Zucchini Nut Bread?
215,What are possible modifications I can make to this recipe?
215,Can I use a different type of sugar instead of white sugar in this recipe?
215,What is the recommended serving suggestion for this bread?
216,What are the main ingredients needed to make the Chocolate Cashew Spread?
216,How do I properly melt the chocolate without burning it?
216,What kind of nuts can I use if I don't have cashews?
216,What is the recommended serving temperature for the spread?
216,"Can I use this spread on options other than croissants, muffins, or biscuits?"
217,What are the main ingredients used in the Chocolate Chip Cheesecake Dip recipe?
217,How long should the raisins soak in brandy before mixing them into the dip?
217,What is the total calorie count for the Chocolate Chip Cheesecake Dip?
217,Is there any specific temperature recommended for serving the dip?
217,How much dip does this recipe yield?
218,What temperature should I preheat the oven to for the Chocolate Chip Cookie Pizza?
218,How long do I need to bake the cookie pizza?
218,What ingredients do I need to decorate the cookie pizza?
218,What is the serving size for this recipe?
218,Can you tell me the calorie count for one slice of Chocolate Chip Cookie Pizza?
219,What are the main ingredients needed to make the Chocolate Zucchini Cake?
219,"How long should I bake the cake, and at what temperature?"
219,What is the purpose of folding in zucchini and walnuts at the end of the mixing process?
219,"How do I make the frosting for the cake, and what ingredients do I need?"
219,What might be the nutritional information for a single serving of this cake?
